<?xml version='1.0' encoding='UTF-8' ?>
<timeLogEntries>
  <time id="1" path="/Sistema de Multas/Sistema de Multas PSP2/Planning" start="@1636054139000" delta="43" />
  <time id="2" path="/Sistema de Multas/Sistema de Multas PSP2/Design" start="@1636402354671" delta="22" />
  <time id="3" path="/Sistema de Multas/Sistema de Multas PSP2/Planning" start="@1636144449000" delta="21" />
  <time id="4" path="/Sistema de Multas/Sistema de Multas PSP2/Code" start="@1636142492000" delta="26" />
  <time id="5" path="/Sistema de Multas/Sistema de Multas PSP2/Design Review" start="@1636648104708" delta="8" />
  <time id="6" path="/Sistema de Multas/Sistema de Multas PSP2/Planning" start="@1636216615000" delta="3" />
  <time id="7" path="/Sistema de Multas/Sistema de Multas PSP2/Design" start="@1636648778080" delta="27" />
  <time id="8" path="/Sistema de Multas/Sistema de Multas PSP2/Code" start="@1636304795000" delta="26" />
  <time id="9" path="/Sistema de Multas/Sistema de Multas PSP2/Compile" start="@1636651959566" delta="79" />
  <time id="10" path="/Sistema de Multas/Sistema de Multas PSP2/Code" start="@1636397504000" delta="111" />
  <time id="11" path="/Sistema de Multas/Sistema de Multas PSP2/Code" start="@1637544875261" delta="170" />
  <time id="12" path="/Sistema de Multas/Sistema de Multas PSP2/Compile" start="@1637555057387" delta="6" />
</timeLogEntries>
